testcase_name,model,selection_groups,top_n_labels,is_binary,training_time,testing_time,accuracy,f1_score,precision,recall
byte_historgram__all_labels__binary,gaussian_bayes,['ByteHistorgram'],-1,1,0.05286288261413574,0.013007402420043945,0.7265660722450846,0.7410881070321449,0.7265660722450846,0.7265660722450846
byte_historgram__all_labels__binary,bernoulli_bayes,['ByteHistorgram'],-1,1,0.025934934616088867,0.00797891616821289,0.7325102880658436,0.6394613994571504,0.7325102880658436,0.7325102880658436
byte_historgram__all_labels__binary,random_forest,['ByteHistorgram'],-1,1,13.430972814559937,0.021976709365844727,0.9807956104252401,0.9806936130371635,0.9807956104252401,0.9807956104252401
byte_historgram__all_labels__binary,svm,['ByteHistorgram'],-1,1,5.698711395263672,1.8640353679656982,0.8641975308641975,0.8676093169848417,0.8641975308641975,0.8641975308641975
byte_historgram__all_labels__binary,knn,['ByteHistorgram'],-1,1,0.012005329132080078,0.3824944496154785,0.9474165523548239,0.947666474552963,0.9474165523548239,0.9474165523548239
byte_historgram__all_labels__binary,decision_tree,['ByteHistorgram'],-1,1,4.464015245437622,0.004021883010864258,0.959304983996342,0.9591221077232185,0.959304983996342,0.959304983996342
byte_entropy_historgram__all_labels__binary,gaussian_bayes,['ByteEntropyHistorgram'],-1,1,0.03989672660827637,0.015993833541870117,0.5020576131687243,0.4950756064368463,0.5020576131687243,0.5020576131687243
byte_entropy_historgram__all_labels__binary,bernoulli_bayes,['ByteEntropyHistorgram'],-1,1,0.03391003608703613,0.0109710693359375,0.6017375400091449,0.6219400245201753,0.6017375400091449,0.6017375400091449
byte_entropy_historgram__all_labels__binary,random_forest,['ByteEntropyHistorgram'],-1,1,7.767196893692017,0.021944522857666016,0.9839963420210334,0.9839755745651046,0.9839963420210334,0.9839963420210334
byte_entropy_historgram__all_labels__binary,svm,['ByteEntropyHistorgram'],-1,1,4.3074445724487305,1.3503780364990234,0.8966620941929584,0.8994183196148053,0.8966620941929584,0.8966620941929584
byte_entropy_historgram__all_labels__binary,knn,['ByteEntropyHistorgram'],-1,1,0.02392578125,0.39533329010009766,0.9702789208962048,0.970271254384507,0.9702789208962048,0.9702789208962048
byte_entropy_historgram__all_labels__binary,decision_tree,['ByteEntropyHistorgram'],-1,1,3.057786464691162,0.003988504409790039,0.9588477366255144,0.9585379824765552,0.9588477366255144,0.9588477366255144
string_extractor__all_labels__binary,gaussian_bayes,['StringExtractor'],-1,1,0.015960693359375,0.005024909973144531,0.7082761774119799,0.638254088225527,0.7082761774119799,0.7082761774119799
string_extractor__all_labels__binary,bernoulli_bayes,['StringExtractor'],-1,1,0.012964010238647461,0.00495147705078125,0.879286694101509,0.8785792965908605,0.879286694101509,0.879286694101509
string_extractor__all_labels__binary,random_forest,['StringExtractor'],-1,1,7.613609552383423,0.020897388458251953,0.9908550525834476,0.990840790221858,0.9908550525834476,0.9908550525834476
string_extractor__all_labels__binary,svm,['StringExtractor'],-1,1,5.880224227905273,1.4441618919372559,0.8299039780521262,0.8092381760470589,0.8299039780521262,0.8299039780521262
string_extractor__all_labels__binary,knn,['StringExtractor'],-1,1,0.006021976470947266,0.3287503719329834,0.8989483310470965,0.897080145014154,0.8989483310470965,0.8989483310470965
string_extractor__all_labels__binary,decision_tree,['StringExtractor'],-1,1,2.2180562019348145,0.0025894641876220703,0.9634202103337905,0.9630618569349528,0.9634202103337905,0.9634202103337905
general_file_info__all_labels__binary,gaussian_bayes,['GeneralFileInfo'],-1,1,0.007978200912475586,0.0049877166748046875,0.7352537722908093,0.6578094522807681,0.7352537722908093,0.7352537722908093
general_file_info__all_labels__binary,bernoulli_bayes,['GeneralFileInfo'],-1,1,0.1114339828491211,0.006043195724487305,0.8701417466849566,0.86298897639027,0.8701417466849566,0.8701417466849566
general_file_info__all_labels__binary,random_forest,['GeneralFileInfo'],-1,1,0.5545446872711182,0.016958236694335938,0.9862825788751715,0.9862539666891039,0.9862825788751715,0.9862825788751715
general_file_info__all_labels__binary,svm,['GeneralFileInfo'],-1,1,2.313819169998169,1.0342605113983154,0.747599451303155,0.66582665062966,0.747599451303155,0.747599451303155
general_file_info__all_labels__binary,knn,['GeneralFileInfo'],-1,1,0.01296377182006836,0.09773731231689453,0.9208962048468221,0.9192841220673816,0.9208962048468221,0.9208962048468221
general_file_info__all_labels__binary,decision_tree,['GeneralFileInfo'],-1,1,0.01997828483581543,0.0019617080688476562,0.9789666209419295,0.9789448188571466,0.9789666209419295,0.9789666209419295
header_file_info__all_labels__binary,gaussian_bayes,['HeaderFileInfo'],-1,1,0.012001991271972656,0.003988742828369141,0.267946959304984,0.1163390331782188,0.267946959304984,0.267946959304984
header_file_info__all_labels__binary,bernoulli_bayes,['HeaderFileInfo'],-1,1,0.007979869842529297,0.0030291080474853516,0.8257887517146777,0.8103222894996891,0.8257887517146777,0.8257887517146777
header_file_info__all_labels__binary,random_forest,['HeaderFileInfo'],-1,1,0.4398629665374756,0.0199434757232666,0.9917695473251029,0.9917652947469675,0.9917695473251029,0.9917695473251029
header_file_info__all_labels__binary,svm,['HeaderFileInfo'],-1,1,2.3488900661468506,0.962416410446167,0.8486511202560585,0.8451771300880732,0.8486511202560585,0.8486511202560585
header_file_info__all_labels__binary,knn,['HeaderFileInfo'],-1,1,0.004025697708129883,0.2979848384857178,0.9574759945130316,0.9575303374378912,0.9574759945130316,0.9574759945130316
header_file_info__all_labels__binary,decision_tree,['HeaderFileInfo'],-1,1,0.03690147399902344,0.004989147186279297,0.9862825788751715,0.9862754912449462,0.9862825788751715,0.9862825788751715
section_info__all_labels__binary,gaussian_bayes,['SectionInfo'],-1,1,0.04388236999511719,0.013998270034790039,0.7759487882944673,0.7523572199487366,0.7759487882944673,0.7759487882944673
section_info__all_labels__binary,bernoulli_bayes,['SectionInfo'],-1,1,0.03092026710510254,0.011967658996582031,0.7508001828989483,0.7640810159530596,0.7508001828989483,0.7508001828989483
section_info__all_labels__binary,random_forest,['SectionInfo'],-1,1,0.8936355113983154,0.020943164825439453,0.9922267946959304,0.9922287936478124,0.9922267946959304,0.9922267946959304
section_info__all_labels__binary,svm,['SectionInfo'],-1,1,7.0441060066223145,2.5421793460845947,0.7690900777320531,0.7273199392454137,0.7690900777320531,0.7690900777320531
section_info__all_labels__binary,knn,['SectionInfo'],-1,1,0.016953229904174805,0.35823750495910645,0.9643347050754458,0.9643893147751793,0.9643347050754458,0.9643347050754458
section_info__all_labels__binary,decision_tree,['SectionInfo'],-1,1,0.19751477241516113,0.003943204879760742,0.984453589391861,0.9844211622476511,0.984453589391861,0.984453589391861
imports_info__all_labels__binary,gaussian_bayes,['ImportsInfo'],-1,1,0.23537015914916992,0.06682157516479492,0.8431641518061271,0.8318355483970482,0.8431641518061271,0.8431641518061271
imports_info__all_labels__binary,bernoulli_bayes,['ImportsInfo'],-1,1,0.21442508697509766,0.043883323669433594,0.8619112940100594,0.8591409958960636,0.8619112940100594,0.8619112940100594
imports_info__all_labels__binary,random_forest,['ImportsInfo'],-1,1,2.248967409133911,0.036902666091918945,0.9707361682670325,0.9708681377741446,0.9707361682670325,0.9707361682670325
imports_info__all_labels__binary,svm,['ImportsInfo'],-1,1,8.273837327957153,2.869304656982422,0.9657064471879286,0.9657502721273316,0.9657064471879286,0.9657064471879286
imports_info__all_labels__binary,knn,['ImportsInfo'],-1,1,0.07582831382751465,0.7269127368927002,0.9634202103337905,0.9634202103337905,0.9634202103337905,0.9634202103337905
imports_info__all_labels__binary,decision_tree,['ImportsInfo'],-1,1,0.8258318901062012,0.012918233871459961,0.9647919524462735,0.9648547505405911,0.9647919524462735,0.9647919524462735
exports_info__all_labels__binary,gaussian_bayes,['ExportsInfo'],-1,1,0.027924299240112305,0.008976221084594727,0.7805212620027435,0.7230955147291671,0.7805212620027435,0.7805212620027435
exports_info__all_labels__binary,bernoulli_bayes,['ExportsInfo'],-1,1,0.0139617919921875,0.006982564926147461,0.7745770461819844,0.7125549622919545,0.7745770461819844,0.7745770461819844
exports_info__all_labels__binary,random_forest,['ExportsInfo'],-1,1,1.3354172706604004,0.048870086669921875,0.7768632830361225,0.7157061933486062,0.7768632830361225,0.7768632830361225
exports_info__all_labels__binary,svm,['ExportsInfo'],-1,1,3.6212849617004395,1.3783035278320312,0.7777777777777778,0.7182658275172374,0.7777777777777778,0.7777777777777778
exports_info__all_labels__binary,knn,['ExportsInfo'],-1,1,0.007979154586791992,0.42784953117370605,0.7663465935070873,0.6964196472750577,0.7663465935070873,0.7663465935070873
exports_info__all_labels__binary,decision_tree,['ExportsInfo'],-1,1,0.22838997840881348,0.002989530563354492,0.7768632830361225,0.7157061933486062,0.7768632830361225,0.7768632830361225
data_directories__all_labels__binary,gaussian_bayes,['DataDirectories'],-1,1,0.0060176849365234375,0.003993988037109375,0.29995427526291724,0.16893177804179638,0.29995427526291724,0.29995427526291724
data_directories__all_labels__binary,bernoulli_bayes,['DataDirectories'],-1,1,0.0059773921966552734,0.0030241012573242188,0.9035208047553727,0.9036928878449959,0.9035208047553727,0.9035208047553727
data_directories__all_labels__binary,random_forest,['DataDirectories'],-1,1,0.5475363731384277,0.014997005462646484,0.994055784179241,0.9940542508769014,0.994055784179241,0.994055784179241
data_directories__all_labels__binary,svm,['DataDirectories'],-1,1,2.9470932483673096,1.0512135028839111,0.7928669410150891,0.7433454411383377,0.7928669410150891,0.7928669410150891
data_directories__all_labels__binary,knn,['DataDirectories'],-1,1,0.0019948482513427734,0.32186198234558105,0.9803383630544125,0.980250007102229,0.9803383630544125,0.9803383630544125
data_directories__all_labels__binary,decision_tree,['DataDirectories'],-1,1,0.04986739158630371,0.0029909610748291016,0.9881115683584819,0.9880930272884153,0.9881115683584819,0.9881115683584819
